model,n_train_events,n_test_events,train_runs,test_runs,mae_GeV,rmse_GeV
standalone_only,161213,17918,"650,651,652,653,655,656,657,658,659,660,661,662","650,651,652,653,655,656,657,658,659,660,661,662",20.42418664561049,35.144400711805666
epical_only,238043,17918,"577,578,579,580,581,582,583,584,585,586,587,588,589,590,591,592,593,594,595,596","650,651,652,653,655,656,657,658,659,660,661,662",73.17542748153834,86.53238028506287
standalone_plus_epical,399256,17918,"577,578,579,580,581,582,583,584,585,586,587,588,589,590,591,592,593,594,595,596,650,651,652,653,655,656,657,658,659,660,661,662","650,651,652,653,655,656,657,658,659,660,661,662",21.103367354843957,35.44951681313656
